model,cv_auc_mean,cv_auc_std
RandomForest,0.7106444128038811,0.08509027856552143
GradientBoosting,0.687876390866424,0.08190880346211
LogisticRegression,0.6206850181933239,0.045791528395503704
