feature,mean_abs_shap,mean_signed_shap,rank
BRCA2_mut,0.000601208773273031,4.728180271873459e-05,112
ATM_mut,0.0002841550353579956,7.989608184510076e-05,180
CHEK2_mut,0.0,0.0,392
MLH3_mut,0.0,0.0,400
MLH1_mut,0.0,0.0,401
ATR_mut,0.0,0.0,456
BRCA1_mut,0.0,0.0,602
