feature,mean_abs_shap
TP53,0.36833396888052733
RB1,0.2901351528495129
MSH2,0.2803604401018809
FANCA,0.21980394491488062
BRAF,0.20123986487247705
MYC,0.19908799328082677
KRAS,0.1916411119924202
FANCC,0.188438843457087
RAD51B,0.1592747602128497
MSH6,0.14859462354999664
