model,cv_auc_mean,cv_auc_std
sklearn GradientBoosting,0.922711100440176,0.021169596923165085
XGBoost,0.9116710044017606,0.027687847181980415
LogisticRegression (baseline),0.8156550300120049,0.02634847542231723
